op,table,duration_ms,success
updateSalaryById,employees,32.181,True
updateSalaryById,employees,43.16,True
updateSalaryById,employees,52.062,True
updateSalaryById,employees,79.54,True
updateSalaryById,employees,64.707,True
updateSalaryById,employees,61.143,True
updateSalaryById,employees,58.157,True
updateSalaryById,employees,42.675,True
updateSalaryById,employees,40.346,True
updateSalaryById,employees,39.204,True
updateSalaryById,employees,40.7,True
updateSalaryById,employees,40.773,True
updateSalaryById,employees,43.023,True
updateSalaryById,employees,46.327,True
updateSalaryById,employees,46.167,True
updateSalaryById,employees,46.697,True
updateSalaryById,employees,47.145,True
updateSalaryById,employees,45.706,True
updateSalaryById,employees,46.795,True
updateSalaryById,employees,52.091,True
updateSalaryById,employees,60.059,True
updateSalaryById,employees,65.185,True
updateSalaryById,employees,64.953,True
updateSalaryById,employees,59.418,True
updateSalaryById,employees,50.003,True
updateSalaryById,employees,47.789,True
updateSalaryById,employees,48.647,True
updateSalaryById,employees,49.098,True
updateSalaryById,employees,49.85,True
updateSalaryById,employees,47.211,True
updateSalaryById,employees,45.114,True
updateSalaryById,employees,47.45,True
updateSalaryById,employees,46.244,True
updateSalaryById,employees,47.593,True
updateSalaryById,employees,55.41,True
updateSalaryById,employees,55.299,True
updateSalaryById,employees,58.832,True
updateSalaryById,employees,57.948,True
updateSalaryById,employees,50.7,True
updateSalaryById,employees,48.9,True
updateSalaryById,employees,47.831,True
updateSalaryById,employees,48.491,True
updateSalaryById,employees,47.783,True
updateSalaryById,employees,48.173,True
updateSalaryById,employees,46.572,True
updateSalaryById,employees,46.731,True
updateSalaryById,employees,49.702,True
updateSalaryById,employees,48.615,True
updateSalaryById,employees,46.422,True
updateSalaryById,employees,45.289,True
updateSalaryById,employees,43.042,True
updateSalaryById,employees,43.732,True
updateSalaryById,employees,46.012,True
updateSalaryById,employees,46.687,True
updateSalaryById,employees,46.376,True
updateSalaryById,employees,47.07,True
updateSalaryById,employees,46.22,True
updateSalaryById,employees,45.547,True
updateSalaryById,employees,46.421,True
updateSalaryById,employees,45.208,True
updateSalaryById,employees,44.312,True
updateSalaryById,employees,44.518,True
updateSalaryById,employees,43.974,True
updateSalaryById,employees,44.846,True
updateSalaryById,employees,45.293,True
updateSalaryById,employees,45.196,True
updateSalaryById,employees,45.061,True
updateSalaryById,employees,48.576,True
updateSalaryById,employees,51.373,True
updateSalaryById,employees,51.016,True
updateSalaryById,employees,52.528,True
updateSalaryById,employees,49.116,True
updateSalaryById,employees,47.259,True
updateSalaryById,employees,48.567,True
updateSalaryById,employees,47.855,True
updateSalaryById,employees,45.66,True
updateSalaryById,employees,46.581,True
updateSalaryById,employees,46.342,True
updateSalaryById,employees,45.184,True
updateSalaryById,employees,48.131,True
updateSalaryById,employees,48.188,True
updateSalaryById,employees,47.306,True
updateSalaryById,employees,48.316,True
updateSalaryById,employees,46.746,True
updateSalaryById,employees,46.342,True
updateSalaryById,employees,46.437,True
updateSalaryById,employees,46.886,True
updateSalaryById,employees,45.729,True
updateSalaryById,employees,44.06,True
updateSalaryById,employees,43.517,True
updateSalaryById,employees,41.647,True
updateSalaryById,employees,43.834,True
updateSalaryById,employees,42.587,True
updateSalaryById,employees,41.569,True
updateSalaryById,employees,43.235,True
updateSalaryById,employees,43.013,True
updateSalaryById,employees,46.243,True
updateSalaryById,employees,48.433,True
updateSalaryById,employees,47.068,True
updateSalaryById,employees,45.884,True
updateSalaryById,employees,45.384,True
updateSalaryById,employees,46.244,True
updateSalaryById,employees,45.69,True
updateSalaryById,employees,46.837,True
updateSalaryById,employees,45.439,True
updateSalaryById,employees,43.069,True
updateSalaryById,employees,45.082,True
updateSalaryById,employees,44.706,True
updateSalaryById,employees,57.26,True
updateSalaryById,employees,71.172,True
updateSalaryById,employees,81.174,True
updateSalaryById,employees,82.903,True
updateSalaryById,employees,74.219,True
updateSalaryById,employees,63.132,True
updateSalaryById,employees,52.458,True
updateSalaryById,employees,53.035,True
updateSalaryById,employees,51.006,True
updateSalaryById,employees,49.554,True
updateSalaryById,employees,50.267,True
updateSalaryById,employees,50.205,True
updateSalaryById,employees,49.541,True
updateSalaryById,employees,51.989,True
updateSalaryById,employees,50.008,True
updateSalaryById,employees,49.671,True
updateSalaryById,employees,49.747,True
updateSalaryById,employees,46.984,True
updateSalaryById,employees,64.016,True
updateSalaryById,employees,61.814,True
updateSalaryById,employees,65.834,True
updateSalaryById,employees,66.499,True
updateSalaryById,employees,50.96,True
updateSalaryById,employees,51.076,True
updateSalaryById,employees,48.095,True
updateSalaryById,employees,48.053,True
updateSalaryById,employees,47.332,True
updateSalaryById,employees,48.96,True
updateSalaryById,employees,49.885,True
updateSalaryById,employees,49.833,True
updateSalaryById,employees,51.759,True
updateSalaryById,employees,51.95,True
updateSalaryById,employees,49.255,True
updateSalaryById,employees,49.505,True
updateSalaryById,employees,47.966,True
updateSalaryById,employees,46.809,True
updateSalaryById,employees,49.931,True
updateSalaryById,employees,50.76,True
updateSalaryById,employees,50.717,True
updateSalaryById,employees,51.086,True
updateSalaryById,employees,51.522,True
updateSalaryById,employees,49.724,True
updateSalaryById,employees,50.764,True
updateSalaryById,employees,52.831,True
updateSalaryById,employees,51.326,True
updateSalaryById,employees,52.655,True
updateSalaryById,employees,52.116,True
updateSalaryById,employees,50.844,True
updateSalaryById,employees,50.213,True
updateSalaryById,employees,50.897,True
updateSalaryById,employees,50.262,True
updateSalaryById,employees,50.072,True
updateSalaryById,employees,51.518,True
updateSalaryById,employees,50.859,True
updateSalaryById,employees,53.482,True
updateSalaryById,employees,53.967,True
updateSalaryById,employees,52.002,True
updateSalaryById,employees,52.165,True
updateSalaryById,employees,52.893,True
updateSalaryById,employees,52.773,True
updateSalaryById,employees,53.618,True
updateSalaryById,employees,53.988,True
updateSalaryById,employees,50.222,True
updateSalaryById,employees,49.132,True
updateSalaryById,employees,48.51,True
updateSalaryById,employees,46.757,True
updateSalaryById,employees,48.237,True
updateSalaryById,employees,48.172,True
updateSalaryById,employees,46.597,True
updateSalaryById,employees,45.768,True
updateSalaryById,employees,45.304,True
updateSalaryById,employees,45.203,True
updateSalaryById,employees,45.678,True
updateSalaryById,employees,44.207,True
updateSalaryById,employees,42.818,True
updateSalaryById,employees,41.216,True
updateSalaryById,employees,42.308,True
updateSalaryById,employees,48.276,True
updateSalaryById,employees,47.973,True
updateSalaryById,employees,49.677,True
updateSalaryById,employees,48.831,True
updateSalaryById,employees,45.121,True
updateSalaryById,employees,45.766,True
updateSalaryById,employees,44.728,True
updateSalaryById,employees,44.033,True
updateSalaryById,employees,44.581,True
updateSalaryById,employees,44.179,True
updateSalaryById,employees,45.881,True
updateSalaryById,employees,48.802,True
updateSalaryById,employees,49.336,True
updateSalaryById,employees,48.998,True
updateSalaryById,employees,49.756,True
updateSalaryById,employees,48.381,True
updateSalaryById,employees,47.098,True
updateSalaryById,employees,48.166,True
updateSalaryById,employees,46.306,True
updateSalaryById,employees,45.303,True
updateSalaryById,employees,46.493,True
updateSalaryById,employees,45.283,True
updateSalaryById,employees,44.957,True
updateSalaryById,employees,46.953,True
updateSalaryById,employees,47.429,True
updateSalaryById,employees,48.106,True
updateSalaryById,employees,49.539,True
updateSalaryById,employees,49.238,True
updateSalaryById,employees,47.886,True
updateSalaryById,employees,48.395,True
updateSalaryById,employees,48.008,True
updateSalaryById,employees,47.038,True
updateSalaryById,employees,47.03,True
updateSalaryById,employees,46.716,True
updateSalaryById,employees,45.112,True
updateSalaryById,employees,45.893,True
updateSalaryById,employees,46.709,True
updateSalaryById,employees,46.913,True
updateSalaryById,employees,48.611,True
updateSalaryById,employees,49.197,True
updateSalaryById,employees,48.819,True
updateSalaryById,employees,50.343,True
updateSalaryById,employees,50.101,True
updateSalaryById,employees,48.855,True
updateSalaryById,employees,49.532,True
updateSalaryById,employees,47.356,True
updateSalaryById,employees,47.081,True
updateSalaryById,employees,47.987,True
updateSalaryById,employees,48.588,True
updateSalaryById,employees,49.471,True
updateSalaryById,employees,50.725,True
updateSalaryById,employees,50.137,True
updateSalaryById,employees,48.383,True
updateSalaryById,employees,48.897,True
updateSalaryById,employees,48.14,True
updateSalaryById,employees,48.495,True
updateSalaryById,employees,50.813,True
updateSalaryById,employees,50.253,True
updateSalaryById,employees,50.747,True
updateSalaryById,employees,59.678,True
updateSalaryById,employees,62.005,True
updateSalaryById,employees,71.082,True
updateSalaryById,employees,73.077,True
updateSalaryById,employees,65.413,True
updateSalaryById,employees,61.594,True
updateSalaryById,employees,52.02,True
updateSalaryById,employees,50.631,True
updateSalaryById,employees,48.655,True
updateSalaryById,employees,50.15,True
updateSalaryById,employees,49.712,True
updateSalaryById,employees,47.92,True
updateSalaryById,employees,47.079,True
updateSalaryById,employees,45.122,True
updateSalaryById,employees,62.569,True
updateSalaryById,employees,62.48,True
updateSalaryById,employees,62.336,True
updateSalaryById,employees,62.391,True
updateSalaryById,employees,46.349,True
updateSalaryById,employees,47.132,True
updateSalaryById,employees,47.197,True
updateSalaryById,employees,47.607,True
updateSalaryById,employees,45.442,True
updateSalaryById,employees,44.979,True
updateSalaryById,employees,46.318,True
updateSalaryById,employees,46.994,True
updateSalaryById,employees,47.866,True
updateSalaryById,employees,49.293,True
updateSalaryById,employees,60.726,True
updateSalaryById,employees,77.734,True
updateSalaryById,employees,81.784,True
updateSalaryById,employees,87.809,True
updateSalaryById,employees,76.982,True
updateSalaryById,employees,61.666,True
updateSalaryById,employees,59.732,True
updateSalaryById,employees,55.357,True
updateSalaryById,employees,55.277,True
updateSalaryById,employees,54.792,True
updateSalaryById,employees,54.547,True
updateSalaryById,employees,55.719,True
updateSalaryById,employees,57.039,True
updateSalaryById,employees,54.532,True
updateSalaryById,employees,54.767,True
updateSalaryById,employees,51.766,True
updateSalaryById,employees,50.848,True
updateSalaryById,employees,54.71,True
updateSalaryById,employees,55.255,True
updateSalaryById,employees,58.526,True
updateSalaryById,employees,59.06,True
updateSalaryById,employees,56.61,True
updateSalaryById,employees,55.695,True
updateSalaryById,employees,53.648,True
updateSalaryById,employees,51.404,True
updateSalaryById,employees,52.783,True
updateSalaryById,employees,50.672,True
updateSalaryById,employees,49.673,True
updateSalaryById,employees,49.572,True
updateSalaryById,employees,48.708,True
updateSalaryById,employees,49.232,True
updateSalaryById,employees,47.645,True
updateSalaryById,employees,48.256,True
updateSalaryById,employees,47.409,True
updateSalaryById,employees,47.788,True
updateSalaryById,employees,47.365,True
updateSalaryById,employees,47.487,True
updateSalaryById,employees,46.336,True
updateSalaryById,employees,48.137,True
updateSalaryById,employees,49.04,True
updateSalaryById,employees,48.665,True
updateSalaryById,employees,49.127,True
updateSalaryById,employees,46.691,True
updateSalaryById,employees,46.881,True
updateSalaryById,employees,47.694,True
updateSalaryById,employees,47.875,True
updateSalaryById,employees,46.636,True
updateSalaryById,employees,49.153,True
updateSalaryById,employees,47.427,True
updateSalaryById,employees,47.832,True
updateSalaryById,employees,50.166,True
updateSalaryById,employees,47.132,True
updateSalaryById,employees,47.829,True
updateSalaryById,employees,48.537,True
updateSalaryById,employees,46.259,True
updateSalaryById,employees,46.187,True
updateSalaryById,employees,46.43,True
updateSalaryById,employees,45.658,True
updateSalaryById,employees,45.82,True
updateSalaryById,employees,47.784,True
updateSalaryById,employees,48.359,True
updateSalaryById,employees,49.559,True
updateSalaryById,employees,52.489,True
updateSalaryById,employees,51.364,True
updateSalaryById,employees,52.19,True
updateSalaryById,employees,51.397,True
updateSalaryById,employees,51.818,True
updateSalaryById,employees,52.628,True
updateSalaryById,employees,52.296,True
updateSalaryById,employees,54.04,True
updateSalaryById,employees,52.75,True
updateSalaryById,employees,52.969,True
updateSalaryById,employees,52.479,True
updateSalaryById,employees,51.199,True
updateSalaryById,employees,52.202,True
updateSalaryById,employees,52.293,True
updateSalaryById,employees,54.054,True
updateSalaryById,employees,53.723,True
updateSalaryById,employees,52.216,True
updateSalaryById,employees,50.163,True
updateSalaryById,employees,48.547,True
updateSalaryById,employees,47.602,True
updateSalaryById,employees,45.593,True
updateSalaryById,employees,47.522,True
updateSalaryById,employees,47.21,True
updateSalaryById,employees,46.628,True
updateSalaryById,employees,50.874,True
updateSalaryById,employees,49.414,True
updateSalaryById,employees,48.363,True
updateSalaryById,employees,49.089,True
updateSalaryById,employees,46.548,True
updateSalaryById,employees,45.662,True
updateSalaryById,employees,44.94,True
updateSalaryById,employees,43.812,True
updateSalaryById,employees,41.937,True
updateSalaryById,employees,43.635,True
updateSalaryById,employees,44.659,True
updateSalaryById,employees,45.494,True
updateSalaryById,employees,46.902,True
updateSalaryById,employees,45.887,True
updateSalaryById,employees,47.452,True
updateSalaryById,employees,48.353,True
updateSalaryById,employees,49.546,True
updateSalaryById,employees,52.216,True
updateSalaryById,employees,49.333,True
updateSalaryById,employees,48.554,True
updateSalaryById,employees,47.765,True
updateSalaryById,employees,46.049,True
updateSalaryById,employees,45.192,True
updateSalaryById,employees,43.271,True
updateSalaryById,employees,44.081,True
updateSalaryById,employees,43.944,True
updateSalaryById,employees,45.727,True
updateSalaryById,employees,47.72,True
updateSalaryById,employees,46.558,True
updateSalaryById,employees,46.056,True
updateSalaryById,employees,47.736,True
updateSalaryById,employees,48.718,True
updateSalaryById,employees,63.231,True
updateSalaryById,employees,63.567,True
updateSalaryById,employees,61.805,True
updateSalaryById,employees,59.472,True
updateSalaryById,employees,46.059,True
updateSalaryById,employees,46.349,True
updateSalaryById,employees,46.679,True
updateSalaryById,employees,49.373,True
updateSalaryById,employees,49.748,True
updateSalaryById,employees,49.65,True
updateSalaryById,employees,49.964,True
updateSalaryById,employees,47.246,True
updateSalaryById,employees,47.351,True
updateSalaryById,employees,47.554,True
updateSalaryById,employees,47.651,True
updateSalaryById,employees,49.336,True
updateSalaryById,employees,49.829,True
updateSalaryById,employees,50.644,True
updateSalaryById,employees,49.959,True
updateSalaryById,employees,49.314,True
updateSalaryById,employees,47.41,True
updateSalaryById,employees,44.894,True
updateSalaryById,employees,45.641,True
updateSalaryById,employees,46.224,True
updateSalaryById,employees,48.308,True
updateSalaryById,employees,49.667,True
updateSalaryById,employees,48.294,True
updateSalaryById,employees,47.3,True
updateSalaryById,employees,47.443,True
updateSalaryById,employees,47.041,True
updateSalaryById,employees,48.435,True
updateSalaryById,employees,50.871,True
updateSalaryById,employees,48.719,True
updateSalaryById,employees,50.402,True
updateSalaryById,employees,49.192,True
updateSalaryById,employees,47.23,True
updateSalaryById,employees,47.825,True
updateSalaryById,employees,45.996,True
updateSalaryById,employees,45.903,True
updateSalaryById,employees,44.958,True
updateSalaryById,employees,46.414,True
updateSalaryById,employees,46.202,True
updateSalaryById,employees,45.364,True
updateSalaryById,employees,44.833,True
updateSalaryById,employees,41.221,True
updateSalaryById,employees,40.31,True
updateSalaryById,employees,54.167,True
updateSalaryById,employees,63.184,True
updateSalaryById,employees,73.515,True
updateSalaryById,employees,80.09,True
updateSalaryById,employees,70.679,True
updateSalaryById,employees,62.637,True
updateSalaryById,employees,54.922,True
updateSalaryById,employees,51.249,True
updateSalaryById,employees,48.727,True
updateSalaryById,employees,50.573,True
updateSalaryById,employees,50.0,True
updateSalaryById,employees,50.832,True
updateSalaryById,employees,51.659,True
updateSalaryById,employees,51.249,True
updateSalaryById,employees,53.419,True
updateSalaryById,employees,53.564,True
updateSalaryById,employees,53.463,True
updateSalaryById,employees,53.007,True
updateSalaryById,employees,51.736,True
updateSalaryById,employees,50.06,True
updateSalaryById,employees,48.767,True
updateSalaryById,employees,48.725,True
updateSalaryById,employees,48.933,True
updateSalaryById,employees,49.292,True
updateSalaryById,employees,51.437,True
updateSalaryById,employees,51.394,True
updateSalaryById,employees,52.418,True
updateSalaryById,employees,52.384,True
updateSalaryById,employees,50.625,True
updateSalaryById,employees,52.043,True
updateSalaryById,employees,57.87,True
updateSalaryById,employees,64.656,True
updateSalaryById,employees,66.503,True
updateSalaryById,employees,66.079,True
updateSalaryById,employees,58.492,True
updateSalaryById,employees,50.132,True
updateSalaryById,employees,49.33,True
updateSalaryById,employees,47.815,True
updateSalaryById,employees,47.826,True
updateSalaryById,employees,49.794,True
updateSalaryById,employees,48.466,True
updateSalaryById,employees,48.313,True
updateSalaryById,employees,48.047,True
updateSalaryById,employees,45.958,True
updateSalaryById,employees,45.602,True
updateSalaryById,employees,47.117,True
updateSalaryById,employees,45.415,True
updateSalaryById,employees,46.464,True
updateSalaryById,employees,46.88,True
updateSalaryById,employees,47.377,True
updateSalaryById,employees,47.532,True
updateSalaryById,employees,47.944,True
updateSalaryById,employees,46.975,True
updateSalaryById,employees,46.379,True
updateSalaryById,employees,48.89,True
updateSalaryById,employees,49.017,True
updateSalaryById,employees,50.303,True
updateSalaryById,employees,50.75,True
updateSalaryById,employees,48.601,True
updateSalaryById,employees,50.102,True
updateSalaryById,employees,50.546,True
updateSalaryById,employees,49.975,True
updateSalaryById,employees,50.429,True
updateSalaryById,employees,50.481,True
updateSalaryById,employees,49.9,True
updateSalaryById,employees,49.242,True
updateSalaryById,employees,49.917,True
updateSalaryById,employees,47.695,True
updateSalaryById,employees,47.784,True
updateSalaryById,employees,48.315,True
updateSalaryById,employees,47.901,True
updateSalaryById,employees,47.784,True
updateSalaryById,employees,48.017,True
updateSalaryById,employees,46.556,True
updateSalaryById,employees,45.76,True
updateSalaryById,employees,45.667,True
updateSalaryById,employees,44.757,True
updateSalaryById,employees,44.74,True
updateSalaryById,employees,45.86,True
updateSalaryById,employees,46.883,True
updateSalaryById,employees,51.872,True
updateSalaryById,employees,54.656,True
updateSalaryById,employees,55.57,True
updateSalaryById,employees,54.984,True
updateSalaryById,employees,50.994,True
updateSalaryById,employees,49.052,True
updateSalaryById,employees,48.674,True
updateSalaryById,employees,65.594,True
updateSalaryById,employees,65.757,True
updateSalaryById,employees,66.214,True
updateSalaryById,employees,67.919,True
updateSalaryById,employees,51.492,True
updateSalaryById,employees,50.147,True
updateSalaryById,employees,50.637,True
updateSalaryById,employees,49.725,True
updateSalaryById,employees,48.934,True
updateSalaryById,employees,50.206,True
updateSalaryById,employees,49.497,True
updateSalaryById,employees,48.554,True
updateSalaryById,employees,49.779,True
updateSalaryById,employees,48.274,True
updateSalaryById,employees,50.608,True
updateSalaryById,employees,50.206,True
updateSalaryById,employees,48.102,True
updateSalaryById,employees,48.877,True
updateSalaryById,employees,45.714,True
updateSalaryById,employees,45.991,True
updateSalaryById,employees,46.126,True
updateSalaryById,employees,45.701,True
updateSalaryById,employees,46.855,True
updateSalaryById,employees,44.32,True
updateSalaryById,employees,45.641,True
updateSalaryById,employees,46.203,True
updateSalaryById,employees,46.183,True
updateSalaryById,employees,48.48,True
updateSalaryById,employees,47.924,True
updateSalaryById,employees,45.592,True
updateSalaryById,employees,44.748,True
updateSalaryById,employees,43.842,True
updateSalaryById,employees,43.123,True
updateSalaryById,employees,46.005,True
updateSalaryById,employees,47.304,True
updateSalaryById,employees,47.223,True
updateSalaryById,employees,49.754,True
updateSalaryById,employees,49.065,True
updateSalaryById,employees,48.158,True
updateSalaryById,employees,63.672,True
updateSalaryById,employees,71.77,True
updateSalaryById,employees,80.089,True
updateSalaryById,employees,81.034,True
updateSalaryById,employees,67.8,True
updateSalaryById,employees,58.088,True
updateSalaryById,employees,50.254,True
updateSalaryById,employees,50.536,True
updateSalaryById,employees,48.903,True
updateSalaryById,employees,52.246,True
updateSalaryById,employees,52.267,True
updateSalaryById,employees,50.341,True
updateSalaryById,employees,50.023,True
updateSalaryById,employees,48.365,True
updateSalaryById,employees,48.829,True
updateSalaryById,employees,51.088,True
updateSalaryById,employees,53.347,True
updateSalaryById,employees,53.763,True
updateSalaryById,employees,52.555,True
updateSalaryById,employees,52.248,True
updateSalaryById,employees,49.985,True
updateSalaryById,employees,50.364,True
updateSalaryById,employees,50.558,True
updateSalaryById,employees,49.982,True
updateSalaryById,employees,50.135,True
updateSalaryById,employees,49.22,True
updateSalaryById,employees,48.712,True
updateSalaryById,employees,48.944,True
updateSalaryById,employees,49.121,True
updateSalaryById,employees,47.962,True
updateSalaryById,employees,48.202,True
updateSalaryById,employees,47.922,True
updateSalaryById,employees,48.549,True
updateSalaryById,employees,48.505,True
updateSalaryById,employees,49.924,True
updateSalaryById,employees,49.98,True
updateSalaryById,employees,48.206,True
updateSalaryById,employees,48.656,True
updateSalaryById,employees,47.973,True
updateSalaryById,employees,48.841,True
updateSalaryById,employees,49.718,True
updateSalaryById,employees,48.005,True
updateSalaryById,employees,48.333,True
updateSalaryById,employees,46.215,True
updateSalaryById,employees,45.762,True
updateSalaryById,employees,47.451,True
updateSalaryById,employees,49.193,True
updateSalaryById,employees,50.393,True
updateSalaryById,employees,50.677,True
updateSalaryById,employees,51.133,True
updateSalaryById,employees,48.782,True
updateSalaryById,employees,49.476,True
updateSalaryById,employees,49.003,True
updateSalaryById,employees,48.679,True
updateSalaryById,employees,48.994,True
updateSalaryById,employees,48.351,True
updateSalaryById,employees,49.248,True
updateSalaryById,employees,49.726,True
updateSalaryById,employees,50.081,True
updateSalaryById,employees,49.764,True
updateSalaryById,employees,50.053,True
updateSalaryById,employees,49.737,True
updateSalaryById,employees,49.462,True
updateSalaryById,employees,50.423,True
updateSalaryById,employees,51.644,True
updateSalaryById,employees,51.237,True
updateSalaryById,employees,50.543,True
updateSalaryById,employees,51.7,True
updateSalaryById,employees,51.658,True
updateSalaryById,employees,53.293,True
updateSalaryById,employees,54.569,True
updateSalaryById,employees,51.451,True
updateSalaryById,employees,49.847,True
updateSalaryById,employees,48.995,True
updateSalaryById,employees,48.144,True
updateSalaryById,employees,49.963,True
updateSalaryById,employees,50.984,True
updateSalaryById,employees,49.023,True
updateSalaryById,employees,49.291,True
updateSalaryById,employees,48.958,True
updateSalaryById,employees,49.142,True
updateSalaryById,employees,50.4,True
updateSalaryById,employees,49.527,True
updateSalaryById,employees,48.47,True
updateSalaryById,employees,46.852,True
updateSalaryById,employees,44.791,True
updateSalaryById,employees,44.636,True
updateSalaryById,employees,44.487,True
updateSalaryById,employees,44.677,True
updateSalaryById,employees,44.885,True
updateSalaryById,employees,45.254,True
updateSalaryById,employees,45.959,True
updateSalaryById,employees,53.427,True
updateSalaryById,employees,85.783,True
updateSalaryById,employees,90.391,True
updateSalaryById,employees,91.884,True
updateSalaryById,employees,85.227,True
updateSalaryById,employees,55.972,True
updateSalaryById,employees,52.196,True
updateSalaryById,employees,55.488,True
updateSalaryById,employees,67.233,True
updateSalaryById,employees,84.961,True
updateSalaryById,employees,92.952,True
updateSalaryById,employees,95.023,True
updateSalaryById,employees,87.643,True
updateSalaryById,employees,77.067,True
updateSalaryById,employees,71.552,True
updateSalaryById,employees,64.024,True
updateSalaryById,employees,57.438,True
updateSalaryById,employees,49.194,True
updateSalaryById,employees,46.882,True
updateSalaryById,employees,48.246,True
updateSalaryById,employees,51.455,True
updateSalaryById,employees,49.851,True
updateSalaryById,employees,48.966,True
updateSalaryById,employees,49.528,True
updateSalaryById,employees,47.462,True
updateSalaryById,employees,49.633,True
updateSalaryById,employees,51.477,True
updateSalaryById,employees,50.673,True
updateSalaryById,employees,52.113,True
updateSalaryById,employees,51.745,True
updateSalaryById,employees,51.091,True
updateSalaryById,employees,51.348,True
updateSalaryById,employees,50.697,True
updateSalaryById,employees,49.902,True
updateSalaryById,employees,49.14,True
updateSalaryById,employees,49.393,True
updateSalaryById,employees,49.537,True
updateSalaryById,employees,49.581,True
updateSalaryById,employees,49.233,True
updateSalaryById,employees,47.398,True
updateSalaryById,employees,45.972,True
updateSalaryById,employees,45.636,True
updateSalaryById,employees,43.7,True
updateSalaryById,employees,44.832,True
updateSalaryById,employees,45.469,True
updateSalaryById,employees,44.241,True
updateSalaryById,employees,45.276,True
updateSalaryById,employees,44.031,True
updateSalaryById,employees,44.953,True
updateSalaryById,employees,46.687,True
updateSalaryById,employees,46.718,True
updateSalaryById,employees,48.22,True
updateSalaryById,employees,46.39,True
updateSalaryById,employees,46.12,True
updateSalaryById,employees,47.621,True
updateSalaryById,employees,47.786,True
updateSalaryById,employees,48.645,True
updateSalaryById,employees,48.654,True
updateSalaryById,employees,48.762,True
updateSalaryById,employees,50.411,True
updateSalaryById,employees,50.429,True
updateSalaryById,employees,50.989,True
updateSalaryById,employees,51.212,True
updateSalaryById,employees,48.488,True
updateSalaryById,employees,48.873,True
updateSalaryById,employees,49.695,True
updateSalaryById,employees,48.834,True
updateSalaryById,employees,49.562,True
updateSalaryById,employees,49.063,True
updateSalaryById,employees,47.111,True
updateSalaryById,employees,46.915,True
updateSalaryById,employees,47.88,True
updateSalaryById,employees,58.072,True
updateSalaryById,employees,71.55,True
updateSalaryById,employees,77.306,True
updateSalaryById,employees,75.707,True
updateSalaryById,employees,65.995,True
updateSalaryById,employees,53.586,True
updateSalaryById,employees,48.133,True
updateSalaryById,employees,47.797,True
updateSalaryById,employees,47.678,True
updateSalaryById,employees,48.337,True
updateSalaryById,employees,49.301,True
updateSalaryById,employees,51.883,True
updateSalaryById,employees,52.093,True
updateSalaryById,employees,51.276,True
updateSalaryById,employees,50.848,True
updateSalaryById,employees,47.895,True
updateSalaryById,employees,47.618,True
updateSalaryById,employees,47.576,True
updateSalaryById,employees,46.621,True
updateSalaryById,employees,47.026,True
updateSalaryById,employees,47.981,True
updateSalaryById,employees,47.712,True
updateSalaryById,employees,48.732,True
updateSalaryById,employees,50.795,True
updateSalaryById,employees,49.504,True
updateSalaryById,employees,49.836,True
updateSalaryById,employees,49.132,True
updateSalaryById,employees,46.872,True
updateSalaryById,employees,46.17,True
updateSalaryById,employees,45.764,True
updateSalaryById,employees,45.111,True
updateSalaryById,employees,44.33,True
updateSalaryById,employees,45.145,True
updateSalaryById,employees,45.822,True
updateSalaryById,employees,46.928,True
updateSalaryById,employees,48.261,True
updateSalaryById,employees,47.586,True
updateSalaryById,employees,48.61,True
updateSalaryById,employees,52.3,True
updateSalaryById,employees,54.002,True
updateSalaryById,employees,55.464,True
updateSalaryById,employees,53.267,True
updateSalaryById,employees,49.459,True
updateSalaryById,employees,48.911,True
updateSalaryById,employees,51.226,True
updateSalaryById,employees,53.08,True
updateSalaryById,employees,54.774,True
updateSalaryById,employees,57.559,True
updateSalaryById,employees,55.29,True
updateSalaryById,employees,57.699,True
updateSalaryById,employees,58.374,True
updateSalaryById,employees,55.423,True
updateSalaryById,employees,55.853,True
updateSalaryById,employees,53.742,True
updateSalaryById,employees,51.6,True
updateSalaryById,employees,52.157,True
updateSalaryById,employees,52.921,True
updateSalaryById,employees,52.485,True
updateSalaryById,employees,52.186,True
updateSalaryById,employees,51.855,True
updateSalaryById,employees,67.922,True
updateSalaryById,employees,67.39,True
updateSalaryById,employees,68.195,True
updateSalaryById,employees,68.002,True
updateSalaryById,employees,51.617,True
updateSalaryById,employees,51.902,True
updateSalaryById,employees,50.433,True
updateSalaryById,employees,50.693,True
updateSalaryById,employees,50.11,True
updateSalaryById,employees,49.026,True
updateSalaryById,employees,49.734,True
updateSalaryById,employees,50.403,True
updateSalaryById,employees,51.431,True
updateSalaryById,employees,52.438,True
updateSalaryById,employees,53.225,True
updateSalaryById,employees,50.964,True
updateSalaryById,employees,49.791,True
updateSalaryById,employees,49.451,True
updateSalaryById,employees,49.928,True
updateSalaryById,employees,50.988,True
updateSalaryById,employees,50.349,True
updateSalaryById,employees,49.142,True
updateSalaryById,employees,48.678,True
updateSalaryById,employees,48.814,True
updateSalaryById,employees,49.35,True
updateSalaryById,employees,50.359,True
updateSalaryById,employees,50.952,True
updateSalaryById,employees,50.035,True
updateSalaryById,employees,48.895,True
updateSalaryById,employees,48.696,True
updateSalaryById,employees,48.04,True
updateSalaryById,employees,48.969,True
updateSalaryById,employees,49.75,True
updateSalaryById,employees,48.688,True
updateSalaryById,employees,48.232,True
updateSalaryById,employees,46.448,True
updateSalaryById,employees,48.747,True
updateSalaryById,employees,51.26,True
updateSalaryById,employees,51.944,True
updateSalaryById,employees,54.211,True
updateSalaryById,employees,52.498,True
updateSalaryById,employees,51.823,True
updateSalaryById,employees,50.692,True
updateSalaryById,employees,50.353,True
updateSalaryById,employees,50.708,True
updateSalaryById,employees,50.05,True
updateSalaryById,employees,52.78,True
updateSalaryById,employees,53.634,True
updateSalaryById,employees,54.864,True
updateSalaryById,employees,55.682,True
updateSalaryById,employees,53.389,True
updateSalaryById,employees,51.85,True
updateSalaryById,employees,48.955,True
updateSalaryById,employees,47.58,True
updateSalaryById,employees,47.139,True
updateSalaryById,employees,48.025,True
updateSalaryById,employees,47.826,True
updateSalaryById,employees,47.796,True
updateSalaryById,employees,47.924,True
updateSalaryById,employees,46.814,True
updateSalaryById,employees,49.207,True
updateSalaryById,employees,49.401,True
updateSalaryById,employees,49.265,True
updateSalaryById,employees,47.665,True
updateSalaryById,employees,45.679,True
updateSalaryById,employees,45.614,True
updateSalaryById,employees,45.838,True
updateSalaryById,employees,47.695,True
updateSalaryById,employees,47.378,True
updateSalaryById,employees,48.225,True
updateSalaryById,employees,49.562,True
updateSalaryById,employees,49.516,True
updateSalaryById,employees,51.989,True
updateSalaryById,employees,52.841,True
updateSalaryById,employees,52.218,True
updateSalaryById,employees,52.805,True
updateSalaryById,employees,52.65,True
updateSalaryById,employees,52.823,True
updateSalaryById,employees,52.267,True
updateSalaryById,employees,52.357,True
updateSalaryById,employees,51.407,True
updateSalaryById,employees,49.771,True
updateSalaryById,employees,50.748,True
updateSalaryById,employees,50.875,True
updateSalaryById,employees,52.478,True
updateSalaryById,employees,52.837,True
updateSalaryById,employees,52.535,True
updateSalaryById,employees,51.392,True
updateSalaryById,employees,49.725,True
updateSalaryById,employees,49.659,True
updateSalaryById,employees,49.033,True
updateSalaryById,employees,50.009,True
updateSalaryById,employees,50.034,True
updateSalaryById,employees,52.215,True
updateSalaryById,employees,59.83,True
updateSalaryById,employees,73.033,True
updateSalaryById,employees,84.297,True
updateSalaryById,employees,83.303,True
updateSalaryById,employees,76.59,True
updateSalaryById,employees,63.348,True
updateSalaryById,employees,53.402,True
updateSalaryById,employees,52.867,True
updateSalaryById,employees,51.547,True
updateSalaryById,employees,51.455,True
updateSalaryById,employees,49.988,True
updateSalaryById,employees,49.204,True
updateSalaryById,employees,50.548,True
updateSalaryById,employees,49.471,True
updateSalaryById,employees,49.265,True
updateSalaryById,employees,49.399,True
updateSalaryById,employees,48.872,True
updateSalaryById,employees,48.775,True
updateSalaryById,employees,50.198,True
updateSalaryById,employees,50.674,True
updateSalaryById,employees,49.731,True
updateSalaryById,employees,52.255,True
updateSalaryById,employees,51.802,True
updateSalaryById,employees,51.001,True
updateSalaryById,employees,51.953,True
updateSalaryById,employees,50.18,True
updateSalaryById,employees,50.246,True
updateSalaryById,employees,52.169,True
updateSalaryById,employees,53.517,True
updateSalaryById,employees,53.463,True
updateSalaryById,employees,52.48,True
updateSalaryById,employees,50.894,True
updateSalaryById,employees,48.588,True
updateSalaryById,employees,49.651,True
updateSalaryById,employees,49.293,True
updateSalaryById,employees,49.152,True
updateSalaryById,employees,49.142,True
updateSalaryById,employees,48.26,True
updateSalaryById,employees,49.062,True
updateSalaryById,employees,66.634,True
updateSalaryById,employees,67.706,True
updateSalaryById,employees,68.413,True
updateSalaryById,employees,68.872,True
updateSalaryById,employees,52.292,True
updateSalaryById,employees,51.641,True
updateSalaryById,employees,51.946,True
updateSalaryById,employees,50.671,True
updateSalaryById,employees,49.666,True
updateSalaryById,employees,50.36,True
updateSalaryById,employees,49.803,True
updateSalaryById,employees,52.17,True
updateSalaryById,employees,52.714,True
updateSalaryById,employees,53.277,True
updateSalaryById,employees,52.395,True
updateSalaryById,employees,51.387,True
updateSalaryById,employees,51.734,True
updateSalaryById,employees,50.997,True
updateSalaryById,employees,53.023,True
updateSalaryById,employees,52.63,True
updateSalaryById,employees,52.602,True
updateSalaryById,employees,52.357,True
updateSalaryById,employees,50.955,True
updateSalaryById,employees,51.207,True
updateSalaryById,employees,51.475,True
updateSalaryById,employees,51.873,True
updateSalaryById,employees,51.692,True
updateSalaryById,employees,52.547,True
updateSalaryById,employees,52.089,True
updateSalaryById,employees,52.134,True
updateSalaryById,employees,53.632,True
updateSalaryById,employees,51.651,True
updateSalaryById,employees,50.326,True
updateSalaryById,employees,51.396,True
updateSalaryById,employees,51.109,True
updateSalaryById,employees,51.664,True
updateSalaryById,employees,52.841,True
updateSalaryById,employees,51.403,True
updateSalaryById,employees,49.656,True
updateSalaryById,employees,49.622,True
updateSalaryById,employees,48.6,True
updateSalaryById,employees,47.611,True
updateSalaryById,employees,48.647,True
updateSalaryById,employees,49.847,True
updateSalaryById,employees,57.199,True
updateSalaryById,employees,68.44,True
updateSalaryById,employees,74.254,True
updateSalaryById,employees,76.659,True
updateSalaryById,employees,70.644,True
updateSalaryById,employees,60.788,True
updateSalaryById,employees,54.411,True
updateSalaryById,employees,50.875,True
updateSalaryById,employees,50.846,True
updateSalaryById,employees,51.217,True
updateSalaryById,employees,52.653,True
updateSalaryById,employees,52.713,True
updateSalaryById,employees,52.278,True
updateSalaryById,employees,53.142,True
updateSalaryById,employees,53.291,True
updateSalaryById,employees,53.108,True
updateSalaryById,employees,52.976,True
updateSalaryById,employees,51.682,True
updateSalaryById,employees,49.869,True
updateSalaryById,employees,49.258,True
updateSalaryById,employees,48.899,True
updateSalaryById,employees,48.606,True
updateSalaryById,employees,49.847,True
updateSalaryById,employees,52.066,True
updateSalaryById,employees,62.919,True
updateSalaryById,employees,65.331,True
updateSalaryById,employees,69.011,True
updateSalaryById,employees,67.162,True
updateSalaryById,employees,56.01,True
updateSalaryById,employees,54.494,True
updateSalaryById,employees,49.251,True
updateSalaryById,employees,47.555,True
updateSalaryById,employees,47.491,True
updateSalaryById,employees,46.38,True
updateSalaryById,employees,48.492,True
updateSalaryById,employees,49.592,True
updateSalaryById,employees,49.787,True
